"filename", "language", "Svelte", "TypeScript", "Python", "CSV", "PostCSS", "JSON", "XML", "comment", "blank", "total"
"/Users/charlottecox/Development/dissertation/draft2/src/lib/benchmarking/createFSMBarChart.py", "Python", 0, 0, -78, 0, 0, 0, 0, 0, -13, -91
"/Users/charlottecox/Development/dissertation/draft2/src/lib/benchmarking/createMCBarChart.py", "Python", 0, 0, -65, 0, 0, 0, 0, -3, -12, -80
"/Users/charlottecox/Development/dissertation/draft2/src/lib/benchmarking/fsmViewerBenchmarking.svelte", "Svelte", -826, 0, 0, 0, 0, 0, 0, 0, -129, -955
"/Users/charlottecox/Development/dissertation/draft2/src/lib/benchmarking/makeSyntheticFsmDS.ts", "TypeScript", 0, -44, 0, 0, 0, 0, 0, -2, -12, -58
"/Users/charlottecox/Development/dissertation/draft2/src/lib/benchmarking/makeSyntheticMCDS.ts", "TypeScript", 0, -36, 0, 0, 0, 0, 0, -1, -11, -48
"/Users/charlottecox/Development/dissertation/draft2/src/lib/benchmarking/markovViewerBenchmarking.svelte", "Svelte", -566, 0, 0, 0, 0, 0, 0, -1, -75, -642
"/Users/charlottecox/Development/dissertation/draft2/src/lib/benchmarking/profiler.ts", "TypeScript", 0, -25, 0, 0, 0, 0, 0, 0, -3, -28
"/Users/charlottecox/Development/dissertation/draft2/src/lib/benchmarking/results/FSM_bench_aftrOnDsChanges_n10.csv", "CSV", 0, 0, 0, -18, 0, 0, 0, 0, 0, -18
"/Users/charlottecox/Development/dissertation/draft2/src/lib/benchmarking/results/FSM_bench_aftrOnDsChanges_n100.csv", "CSV", 0, 0, 0, -18, 0, 0, 0, 0, 0, -18
"/Users/charlottecox/Development/dissertation/draft2/src/lib/benchmarking/results/FSM_bench_aftrOnDsChanges_n1000.csv", "CSV", 0, 0, 0, -18, 0, 0, 0, 0, 0, -18
"/Users/charlottecox/Development/dissertation/draft2/src/lib/benchmarking/results/FSM_bench_aftrOnDsChanges_n500.csv", "CSV", 0, 0, 0, -18, 0, 0, 0, 0, 0, -18
"/Users/charlottecox/Development/dissertation/draft2/src/lib/benchmarking/results/FSM_bench_monitoringDraw_n10.csv", "CSV", 0, 0, 0, -24, 0, 0, 0, 0, 0, -24
"/Users/charlottecox/Development/dissertation/draft2/src/lib/benchmarking/results/FSM_bench_monitoringDraw_n100.csv", "CSV", 0, 0, 0, -24, 0, 0, 0, 0, 0, -24
"/Users/charlottecox/Development/dissertation/draft2/src/lib/benchmarking/results/FSM_bench_monitoringDraw_n1000.csv", "CSV", 0, 0, 0, -24, 0, 0, 0, 0, 0, -24
"/Users/charlottecox/Development/dissertation/draft2/src/lib/benchmarking/results/FSM_bench_monitoringDraw_n500.csv", "CSV", 0, 0, 0, -24, 0, 0, 0, 0, 0, -24
"/Users/charlottecox/Development/dissertation/draft2/src/lib/benchmarking/results/FSM_bench_n10.csv", "CSV", 0, 0, 0, -20, 0, 0, 0, 0, 0, -20
"/Users/charlottecox/Development/dissertation/draft2/src/lib/benchmarking/results/FSM_bench_n100.csv", "CSV", 0, 0, 0, -20, 0, 0, 0, 0, 0, -20
"/Users/charlottecox/Development/dissertation/draft2/src/lib/benchmarking/results/FSM_bench_n1000.csv", "CSV", 0, 0, 0, -20, 0, 0, 0, 0, 0, -20
"/Users/charlottecox/Development/dissertation/draft2/src/lib/benchmarking/results/FSM_bench_n500.csv", "CSV", 0, 0, 0, -20, 0, 0, 0, 0, 0, -20
"/Users/charlottecox/Development/dissertation/draft2/src/lib/benchmarking/results/MC_bench_20pct_n10.csv", "CSV", 0, 0, 0, -18, 0, 0, 0, 0, 0, -18
"/Users/charlottecox/Development/dissertation/draft2/src/lib/benchmarking/results/MC_bench_20pct_n100.csv", "CSV", 0, 0, 0, -18, 0, 0, 0, 0, 0, -18
"/Users/charlottecox/Development/dissertation/draft2/src/lib/benchmarking/results/MC_bench_20pct_n500.csv", "CSV", 0, 0, 0, -18, 0, 0, 0, 0, 0, -18
"/Users/charlottecox/Development/dissertation/draft2/src/lib/benchmarking/results/MC_bench_20pct_n750.csv", "CSV", 0, 0, 0, -18, 0, 0, 0, 0, 0, -18
"/Users/charlottecox/Development/dissertation/draft2/src/lib/components/FSM/fsmRectangleUtilityHelpers.ts", "TypeScript", 0, -111, 0, 0, 0, 0, 0, -1, -13, -125
"/Users/charlottecox/Development/dissertation/draft2/src/lib/components/FSM/fsmRendering.ts", "TypeScript", 0, -121, 0, 0, 0, 0, 0, 68, -4, -57
"/Users/charlottecox/Development/dissertation/draft2/src/lib/components/FSM/fsmSVGSetup.ts", "TypeScript", 0, 1, 0, 0, 0, 0, 0, 0, 1, 2
"/Users/charlottecox/Development/dissertation/draft2/src/lib/components/FSM/fsmSubgraphExpansion.ts", "TypeScript", 0, -221, 0, 0, 0, 0, 0, -6, -27, -254
"/Users/charlottecox/Development/dissertation/draft2/src/lib/components/FSM/fsmSubgraphLayoutCA.ts", "TypeScript", 0, -205, 0, 0, 0, 0, 0, -9, -22, -236
"/Users/charlottecox/Development/dissertation/draft2/src/lib/components/FSM/fsmViewer.svelte", "Svelte", 11, 0, 0, 0, 0, 0, 0, 0, 0, 11
"/Users/charlottecox/Development/dissertation/draft2/src/lib/components/FSM/pathwalk.ts", "TypeScript", 0, -105, 0, 0, 0, 0, 0, -4, -15, -124
"/Users/charlottecox/Development/dissertation/draft2/src/lib/components/FSM/screenControls.ts", "TypeScript", 0, -30, 0, 0, 0, 0, 0, -6, -4, -40
"/Users/charlottecox/Development/dissertation/draft2/src/lib/components/MC/HM.svelte", "Svelte", -407, 0, 0, 0, 0, 0, 0, -7, -42, -456
"/Users/charlottecox/Development/dissertation/draft2/src/lib/components/MC/interHaloArrows.ts", "TypeScript", 0, 62, 0, 0, 0, 0, 0, 0, 17, 79
"/Users/charlottecox/Development/dissertation/draft2/src/lib/components/MC/markovFlatViewer.svelte", "Svelte", 575, 0, 0, 0, 0, 0, 0, 11, 69, 655
"/Users/charlottecox/Development/dissertation/draft2/src/lib/components/MC/markovViewer.svelte", "Svelte", 409, 0, 0, 0, 0, 0, 0, 7, 42, 458
"/Users/charlottecox/Development/dissertation/draft2/src/lib/components/MC/mcLayoutPositions.ts", "TypeScript", 0, 38, 0, 0, 0, 0, 0, -88, -11, -61
"/Users/charlottecox/Development/dissertation/draft2/src/lib/components/MC/mcPathWalk.ts", "TypeScript", 0, -180, 0, 0, 0, 0, 0, -1, -28, -209
"/Users/charlottecox/Development/dissertation/draft2/src/lib/components/MC/mcSVGSetup.ts", "TypeScript", 0, 2, 0, 0, 0, 0, 0, 0, 2, 4
"/Users/charlottecox/Development/dissertation/draft2/src/lib/components/MC/mcSubgraphCA.ts", "TypeScript", 0, -64, 0, 0, 0, 0, 0, -2, -6, -72
"/Users/charlottecox/Development/dissertation/draft2/src/lib/components/benchmarking/benchmarkHarness.svelte", "Svelte", 72, 0, 0, 0, 0, 0, 0, 0, 16, 88
"/Users/charlottecox/Development/dissertation/draft2/src/lib/components/benchmarking/createBenchmarkingGraphs.py", "Python", 0, 0, 95, 0, 0, 0, 0, 5, 16, 116
"/Users/charlottecox/Development/dissertation/draft2/src/lib/components/benchmarking/fsmBenchmarkViewer.svelte", "Svelte", 38, 0, 0, 0, 0, 0, 0, 0, 4, 42
"/Users/charlottecox/Development/dissertation/draft2/src/lib/components/benchmarking/makeSyntheticFsmDS.ts", "TypeScript", 0, 44, 0, 0, 0, 0, 0, 3, 12, 59
"/Users/charlottecox/Development/dissertation/draft2/src/lib/components/benchmarking/makeSyntheticMCDS.ts", "TypeScript", 0, 36, 0, 0, 0, 0, 0, 2, 11, 49
"/Users/charlottecox/Development/dissertation/draft2/src/lib/components/benchmarking/markovBenchmarkViewer.svelte", "Svelte", 39, 0, 0, 0, 0, 0, 0, 0, 4, 43
"/Users/charlottecox/Development/dissertation/draft2/src/lib/components/benchmarking/profiler.ts", "TypeScript", 0, 25, 0, 0, 0, 0, 0, 0, 3, 28
"/Users/charlottecox/Development/dissertation/draft2/src/lib/components/benchmarking/results/FSM3linear/FSM_bench_3linearpercent_n10.csv", "CSV", 0, 0, 0, 6, 0, 0, 0, 0, 0, 6
"/Users/charlottecox/Development/dissertation/draft2/src/lib/components/benchmarking/results/FSM3linear/FSM_bench_3linearpercent_n100 (1).csv", "CSV", 0, 0, 0, 6, 0, 0, 0, 0, 0, 6
"/Users/charlottecox/Development/dissertation/draft2/src/lib/components/benchmarking/results/FSM3linear/FSM_bench_3linearpercent_n100.csv", "CSV", 0, 0, 0, 6, 0, 0, 0, 0, 0, 6
"/Users/charlottecox/Development/dissertation/draft2/src/lib/components/benchmarking/results/FSM3linear/FSM_bench_3linearpercent_n1000.csv", "CSV", 0, 0, 0, 6, 0, 0, 0, 0, 0, 6
"/Users/charlottecox/Development/dissertation/draft2/src/lib/components/benchmarking/results/FSM3linear/FSM_bench_3linearpercent_n10000.csv", "CSV", 0, 0, 0, 6, 0, 0, 0, 0, 0, 6
"/Users/charlottecox/Development/dissertation/draft2/src/lib/components/benchmarking/results/FSM3linear/FSM_bench_3linearpercent_n10500.csv", "CSV", 0, 0, 0, 6, 0, 0, 0, 0, 0, 6
"/Users/charlottecox/Development/dissertation/draft2/src/lib/components/benchmarking/results/FSM3linear/FSM_bench_3linearpercent_n11000.csv", "CSV", 0, 0, 0, 6, 0, 0, 0, 0, 0, 6
"/Users/charlottecox/Development/dissertation/draft2/src/lib/components/benchmarking/results/FSM3linear/FSM_bench_3linearpercent_n1200.csv", "CSV", 0, 0, 0, 6, 0, 0, 0, 0, 0, 6
"/Users/charlottecox/Development/dissertation/draft2/src/lib/components/benchmarking/results/FSM3linear/FSM_bench_3linearpercent_n1400.csv", "CSV", 0, 0, 0, 6, 0, 0, 0, 0, 0, 6
"/Users/charlottecox/Development/dissertation/draft2/src/lib/components/benchmarking/results/FSM3linear/FSM_bench_3linearpercent_n1600.csv", "CSV", 0, 0, 0, 6, 0, 0, 0, 0, 0, 6
"/Users/charlottecox/Development/dissertation/draft2/src/lib/components/benchmarking/results/FSM3linear/FSM_bench_3linearpercent_n1800.csv", "CSV", 0, 0, 0, 6, 0, 0, 0, 0, 0, 6
"/Users/charlottecox/Development/dissertation/draft2/src/lib/components/benchmarking/results/FSM3linear/FSM_bench_3linearpercent_n2000.csv", "CSV", 0, 0, 0, 6, 0, 0, 0, 0, 0, 6
"/Users/charlottecox/Development/dissertation/draft2/src/lib/components/benchmarking/results/FSM3linear/FSM_bench_3linearpercent_n2250.csv", "CSV", 0, 0, 0, 6, 0, 0, 0, 0, 0, 6
"/Users/charlottecox/Development/dissertation/draft2/src/lib/components/benchmarking/results/FSM3linear/FSM_bench_3linearpercent_n2500.csv", "CSV", 0, 0, 0, 6, 0, 0, 0, 0, 0, 6
"/Users/charlottecox/Development/dissertation/draft2/src/lib/components/benchmarking/results/FSM3linear/FSM_bench_3linearpercent_n3000.csv", "CSV", 0, 0, 0, 6, 0, 0, 0, 0, 0, 6
"/Users/charlottecox/Development/dissertation/draft2/src/lib/components/benchmarking/results/FSM3linear/FSM_bench_3linearpercent_n3500.csv", "CSV", 0, 0, 0, 6, 0, 0, 0, 0, 0, 6
"/Users/charlottecox/Development/dissertation/draft2/src/lib/components/benchmarking/results/FSM3linear/FSM_bench_3linearpercent_n4000.csv", "CSV", 0, 0, 0, 6, 0, 0, 0, 0, 0, 6
"/Users/charlottecox/Development/dissertation/draft2/src/lib/components/benchmarking/results/FSM3linear/FSM_bench_3linearpercent_n4500.csv", "CSV", 0, 0, 0, 6, 0, 0, 0, 0, 0, 6
"/Users/charlottecox/Development/dissertation/draft2/src/lib/components/benchmarking/results/FSM3linear/FSM_bench_3linearpercent_n500.csv", "CSV", 0, 0, 0, 6, 0, 0, 0, 0, 0, 6
"/Users/charlottecox/Development/dissertation/draft2/src/lib/components/benchmarking/results/FSM3linear/FSM_bench_3linearpercent_n5000.csv", "CSV", 0, 0, 0, 6, 0, 0, 0, 0, 0, 6
"/Users/charlottecox/Development/dissertation/draft2/src/lib/components/benchmarking/results/FSM3linear/FSM_bench_3linearpercent_n5500.csv", "CSV", 0, 0, 0, 6, 0, 0, 0, 0, 0, 6
"/Users/charlottecox/Development/dissertation/draft2/src/lib/components/benchmarking/results/FSM3linear/FSM_bench_3linearpercent_n6000.csv", "CSV", 0, 0, 0, 6, 0, 0, 0, 0, 0, 6
"/Users/charlottecox/Development/dissertation/draft2/src/lib/components/benchmarking/results/FSM3linear/FSM_bench_3linearpercent_n6500.csv", "CSV", 0, 0, 0, 6, 0, 0, 0, 0, 0, 6
"/Users/charlottecox/Development/dissertation/draft2/src/lib/components/benchmarking/results/FSM3linear/FSM_bench_3linearpercent_n7000.csv", "CSV", 0, 0, 0, 6, 0, 0, 0, 0, 0, 6
"/Users/charlottecox/Development/dissertation/draft2/src/lib/components/benchmarking/results/FSM3linear/FSM_bench_3linearpercent_n7500.csv", "CSV", 0, 0, 0, 6, 0, 0, 0, 0, 0, 6
"/Users/charlottecox/Development/dissertation/draft2/src/lib/components/benchmarking/results/FSM3linear/FSM_bench_3linearpercent_n800.csv", "CSV", 0, 0, 0, 6, 0, 0, 0, 0, 0, 6
"/Users/charlottecox/Development/dissertation/draft2/src/lib/components/benchmarking/results/FSM3linear/FSM_bench_3linearpercent_n8000.csv", "CSV", 0, 0, 0, 6, 0, 0, 0, 0, 0, 6
"/Users/charlottecox/Development/dissertation/draft2/src/lib/components/benchmarking/results/FSM3linear/FSM_bench_3linearpercent_n8500.csv", "CSV", 0, 0, 0, 6, 0, 0, 0, 0, 0, 6
"/Users/charlottecox/Development/dissertation/draft2/src/lib/components/benchmarking/results/FSM3linear/FSM_bench_3linearpercent_n900.csv", "CSV", 0, 0, 0, 6, 0, 0, 0, 0, 0, 6
"/Users/charlottecox/Development/dissertation/draft2/src/lib/components/benchmarking/results/FSM3linear/FSM_bench_3linearpercent_n9000.csv", "CSV", 0, 0, 0, 6, 0, 0, 0, 0, 0, 6
"/Users/charlottecox/Development/dissertation/draft2/src/lib/components/benchmarking/results/FSM3linear/FSM_bench_3linearpercent_n9500.csv", "CSV", 0, 0, 0, 6, 0, 0, 0, 0, 0, 6
"/Users/charlottecox/Development/dissertation/draft2/src/lib/components/benchmarking/results/FSM5sqrt/FSM_bench_5percent_n10.csv", "CSV", 0, 0, 0, 6, 0, 0, 0, 0, 0, 6
"/Users/charlottecox/Development/dissertation/draft2/src/lib/components/benchmarking/results/FSM5sqrt/FSM_bench_5percent_n100.csv", "CSV", 0, 0, 0, 6, 0, 0, 0, 0, 0, 6
"/Users/charlottecox/Development/dissertation/draft2/src/lib/components/benchmarking/results/FSM5sqrt/FSM_bench_5percent_n1000.csv", "CSV", 0, 0, 0, 6, 0, 0, 0, 0, 0, 6
"/Users/charlottecox/Development/dissertation/draft2/src/lib/components/benchmarking/results/FSM5sqrt/FSM_bench_5percent_n1200.csv", "CSV", 0, 0, 0, 6, 0, 0, 0, 0, 0, 6
"/Users/charlottecox/Development/dissertation/draft2/src/lib/components/benchmarking/results/FSM5sqrt/FSM_bench_5percent_n1400.csv", "CSV", 0, 0, 0, 6, 0, 0, 0, 0, 0, 6
"/Users/charlottecox/Development/dissertation/draft2/src/lib/components/benchmarking/results/FSM5sqrt/FSM_bench_5percent_n1600.csv", "CSV", 0, 0, 0, 6, 0, 0, 0, 0, 0, 6
"/Users/charlottecox/Development/dissertation/draft2/src/lib/components/benchmarking/results/FSM5sqrt/FSM_bench_5percent_n500.csv", "CSV", 0, 0, 0, 6, 0, 0, 0, 0, 0, 6
"/Users/charlottecox/Development/dissertation/draft2/src/lib/components/benchmarking/results/FSM5sqrt/FSM_bench_5percent_n800.csv", "CSV", 0, 0, 0, 6, 0, 0, 0, 0, 0, 6
"/Users/charlottecox/Development/dissertation/draft2/src/lib/components/benchmarking/results/FSM5sqrt/FSM_bench_5percent_n900.csv", "CSV", 0, 0, 0, 6, 0, 0, 0, 0, 0, 6
"/Users/charlottecox/Development/dissertation/draft2/src/lib/components/benchmarking/results/MC3linear/MC_benchfull2_n10.csv", "CSV", 0, 0, 0, 7, 0, 0, 0, 0, 0, 7
"/Users/charlottecox/Development/dissertation/draft2/src/lib/components/benchmarking/results/MC3linear/MC_benchfull2_n100.csv", "CSV", 0, 0, 0, 7, 0, 0, 0, 0, 0, 7
"/Users/charlottecox/Development/dissertation/draft2/src/lib/components/benchmarking/results/MC3linear/MC_benchfull2_n1000.csv", "CSV", 0, 0, 0, 7, 0, 0, 0, 0, 0, 7
"/Users/charlottecox/Development/dissertation/draft2/src/lib/components/benchmarking/results/MC3linear/MC_benchfull2_n10000.csv", "CSV", 0, 0, 0, 7, 0, 0, 0, 0, 0, 7
"/Users/charlottecox/Development/dissertation/draft2/src/lib/components/benchmarking/results/MC3linear/MC_benchfull2_n10500.csv", "CSV", 0, 0, 0, 7, 0, 0, 0, 0, 0, 7
"/Users/charlottecox/Development/dissertation/draft2/src/lib/components/benchmarking/results/MC3linear/MC_benchfull2_n11000.csv", "CSV", 0, 0, 0, 7, 0, 0, 0, 0, 0, 7
"/Users/charlottecox/Development/dissertation/draft2/src/lib/components/benchmarking/results/MC3linear/MC_benchfull2_n11500.csv", "CSV", 0, 0, 0, 7, 0, 0, 0, 0, 0, 7
"/Users/charlottecox/Development/dissertation/draft2/src/lib/components/benchmarking/results/MC3linear/MC_benchfull2_n1200.csv", "CSV", 0, 0, 0, 7, 0, 0, 0, 0, 0, 7
"/Users/charlottecox/Development/dissertation/draft2/src/lib/components/benchmarking/results/MC3linear/MC_benchfull2_n1400.csv", "CSV", 0, 0, 0, 7, 0, 0, 0, 0, 0, 7
"/Users/charlottecox/Development/dissertation/draft2/src/lib/components/benchmarking/results/MC3linear/MC_benchfull2_n1600.csv", "CSV", 0, 0, 0, 7, 0, 0, 0, 0, 0, 7
"/Users/charlottecox/Development/dissertation/draft2/src/lib/components/benchmarking/results/MC3linear/MC_benchfull2_n1800.csv", "CSV", 0, 0, 0, 7, 0, 0, 0, 0, 0, 7
"/Users/charlottecox/Development/dissertation/draft2/src/lib/components/benchmarking/results/MC3linear/MC_benchfull2_n2000.csv", "CSV", 0, 0, 0, 7, 0, 0, 0, 0, 0, 7
"/Users/charlottecox/Development/dissertation/draft2/src/lib/components/benchmarking/results/MC3linear/MC_benchfull2_n2250.csv", "CSV", 0, 0, 0, 7, 0, 0, 0, 0, 0, 7
"/Users/charlottecox/Development/dissertation/draft2/src/lib/components/benchmarking/results/MC3linear/MC_benchfull2_n2500.csv", "CSV", 0, 0, 0, 7, 0, 0, 0, 0, 0, 7
"/Users/charlottecox/Development/dissertation/draft2/src/lib/components/benchmarking/results/MC3linear/MC_benchfull2_n3000.csv", "CSV", 0, 0, 0, 7, 0, 0, 0, 0, 0, 7
"/Users/charlottecox/Development/dissertation/draft2/src/lib/components/benchmarking/results/MC3linear/MC_benchfull2_n3500.csv", "CSV", 0, 0, 0, 7, 0, 0, 0, 0, 0, 7
"/Users/charlottecox/Development/dissertation/draft2/src/lib/components/benchmarking/results/MC3linear/MC_benchfull2_n4000.csv", "CSV", 0, 0, 0, 7, 0, 0, 0, 0, 0, 7
"/Users/charlottecox/Development/dissertation/draft2/src/lib/components/benchmarking/results/MC3linear/MC_benchfull2_n4500.csv", "CSV", 0, 0, 0, 7, 0, 0, 0, 0, 0, 7
"/Users/charlottecox/Development/dissertation/draft2/src/lib/components/benchmarking/results/MC3linear/MC_benchfull2_n500.csv", "CSV", 0, 0, 0, 7, 0, 0, 0, 0, 0, 7
"/Users/charlottecox/Development/dissertation/draft2/src/lib/components/benchmarking/results/MC3linear/MC_benchfull2_n5000.csv", "CSV", 0, 0, 0, 7, 0, 0, 0, 0, 0, 7
"/Users/charlottecox/Development/dissertation/draft2/src/lib/components/benchmarking/results/MC3linear/MC_benchfull2_n5500.csv", "CSV", 0, 0, 0, 7, 0, 0, 0, 0, 0, 7
"/Users/charlottecox/Development/dissertation/draft2/src/lib/components/benchmarking/results/MC3linear/MC_benchfull2_n6000.csv", "CSV", 0, 0, 0, 7, 0, 0, 0, 0, 0, 7
"/Users/charlottecox/Development/dissertation/draft2/src/lib/components/benchmarking/results/MC3linear/MC_benchfull2_n6500.csv", "CSV", 0, 0, 0, 7, 0, 0, 0, 0, 0, 7
"/Users/charlottecox/Development/dissertation/draft2/src/lib/components/benchmarking/results/MC3linear/MC_benchfull2_n7000.csv", "CSV", 0, 0, 0, 7, 0, 0, 0, 0, 0, 7
"/Users/charlottecox/Development/dissertation/draft2/src/lib/components/benchmarking/results/MC3linear/MC_benchfull2_n7500.csv", "CSV", 0, 0, 0, 7, 0, 0, 0, 0, 0, 7
"/Users/charlottecox/Development/dissertation/draft2/src/lib/components/benchmarking/results/MC3linear/MC_benchfull2_n800.csv", "CSV", 0, 0, 0, 7, 0, 0, 0, 0, 0, 7
"/Users/charlottecox/Development/dissertation/draft2/src/lib/components/benchmarking/results/MC3linear/MC_benchfull2_n8000.csv", "CSV", 0, 0, 0, 7, 0, 0, 0, 0, 0, 7
"/Users/charlottecox/Development/dissertation/draft2/src/lib/components/benchmarking/results/MC3linear/MC_benchfull2_n8500.csv", "CSV", 0, 0, 0, 7, 0, 0, 0, 0, 0, 7
"/Users/charlottecox/Development/dissertation/draft2/src/lib/components/benchmarking/results/MC3linear/MC_benchfull2_n900.csv", "CSV", 0, 0, 0, 7, 0, 0, 0, 0, 0, 7
"/Users/charlottecox/Development/dissertation/draft2/src/lib/components/benchmarking/results/MC3linear/MC_benchfull2_n9000.csv", "CSV", 0, 0, 0, 7, 0, 0, 0, 0, 0, 7
"/Users/charlottecox/Development/dissertation/draft2/src/lib/components/benchmarking/results/MC3linear/MC_benchfull2_n9500.csv", "CSV", 0, 0, 0, 7, 0, 0, 0, 0, 0, 7
"/Users/charlottecox/Development/dissertation/draft2/src/lib/components/benchmarking/results/MC3linear/MC_benchfull_n10.csv", "CSV", 0, 0, 0, 7, 0, 0, 0, 0, 0, 7
"/Users/charlottecox/Development/dissertation/draft2/src/lib/components/benchmarking/results/MC3linear/MC_benchfull_n100.csv", "CSV", 0, 0, 0, 7, 0, 0, 0, 0, 0, 7
"/Users/charlottecox/Development/dissertation/draft2/src/lib/components/benchmarking/results/MC3linear/MC_benchfull_n1000.csv", "CSV", 0, 0, 0, 7, 0, 0, 0, 0, 0, 7
"/Users/charlottecox/Development/dissertation/draft2/src/lib/components/benchmarking/results/MC3linear/MC_benchfull_n10000.csv", "CSV", 0, 0, 0, 7, 0, 0, 0, 0, 0, 7
"/Users/charlottecox/Development/dissertation/draft2/src/lib/components/benchmarking/results/MC3linear/MC_benchfull_n10500.csv", "CSV", 0, 0, 0, 7, 0, 0, 0, 0, 0, 7
"/Users/charlottecox/Development/dissertation/draft2/src/lib/components/benchmarking/results/MC3linear/MC_benchfull_n11000.csv", "CSV", 0, 0, 0, 7, 0, 0, 0, 0, 0, 7
"/Users/charlottecox/Development/dissertation/draft2/src/lib/components/benchmarking/results/MC3linear/MC_benchfull_n11500.csv", "CSV", 0, 0, 0, 7, 0, 0, 0, 0, 0, 7
"/Users/charlottecox/Development/dissertation/draft2/src/lib/components/benchmarking/results/MC3linear/MC_benchfull_n1200.csv", "CSV", 0, 0, 0, 7, 0, 0, 0, 0, 0, 7
"/Users/charlottecox/Development/dissertation/draft2/src/lib/components/benchmarking/results/MC3linear/MC_benchfull_n1400.csv", "CSV", 0, 0, 0, 7, 0, 0, 0, 0, 0, 7
"/Users/charlottecox/Development/dissertation/draft2/src/lib/components/benchmarking/results/MC3linear/MC_benchfull_n1600.csv", "CSV", 0, 0, 0, 7, 0, 0, 0, 0, 0, 7
"/Users/charlottecox/Development/dissertation/draft2/src/lib/components/benchmarking/results/MC3linear/MC_benchfull_n1800.csv", "CSV", 0, 0, 0, 7, 0, 0, 0, 0, 0, 7
"/Users/charlottecox/Development/dissertation/draft2/src/lib/components/benchmarking/results/MC3linear/MC_benchfull_n2000.csv", "CSV", 0, 0, 0, 7, 0, 0, 0, 0, 0, 7
"/Users/charlottecox/Development/dissertation/draft2/src/lib/components/benchmarking/results/MC3linear/MC_benchfull_n2250.csv", "CSV", 0, 0, 0, 7, 0, 0, 0, 0, 0, 7
"/Users/charlottecox/Development/dissertation/draft2/src/lib/components/benchmarking/results/MC3linear/MC_benchfull_n2500.csv", "CSV", 0, 0, 0, 7, 0, 0, 0, 0, 0, 7
"/Users/charlottecox/Development/dissertation/draft2/src/lib/components/benchmarking/results/MC3linear/MC_benchfull_n3000.csv", "CSV", 0, 0, 0, 7, 0, 0, 0, 0, 0, 7
"/Users/charlottecox/Development/dissertation/draft2/src/lib/components/benchmarking/results/MC3linear/MC_benchfull_n3500.csv", "CSV", 0, 0, 0, 7, 0, 0, 0, 0, 0, 7
"/Users/charlottecox/Development/dissertation/draft2/src/lib/components/benchmarking/results/MC3linear/MC_benchfull_n4000.csv", "CSV", 0, 0, 0, 7, 0, 0, 0, 0, 0, 7
"/Users/charlottecox/Development/dissertation/draft2/src/lib/components/benchmarking/results/MC3linear/MC_benchfull_n4500.csv", "CSV", 0, 0, 0, 7, 0, 0, 0, 0, 0, 7
"/Users/charlottecox/Development/dissertation/draft2/src/lib/components/benchmarking/results/MC3linear/MC_benchfull_n500.csv", "CSV", 0, 0, 0, 7, 0, 0, 0, 0, 0, 7
"/Users/charlottecox/Development/dissertation/draft2/src/lib/components/benchmarking/results/MC3linear/MC_benchfull_n5000.csv", "CSV", 0, 0, 0, 7, 0, 0, 0, 0, 0, 7
"/Users/charlottecox/Development/dissertation/draft2/src/lib/components/benchmarking/results/MC3linear/MC_benchfull_n5500.csv", "CSV", 0, 0, 0, 7, 0, 0, 0, 0, 0, 7
"/Users/charlottecox/Development/dissertation/draft2/src/lib/components/benchmarking/results/MC3linear/MC_benchfull_n6000.csv", "CSV", 0, 0, 0, 7, 0, 0, 0, 0, 0, 7
"/Users/charlottecox/Development/dissertation/draft2/src/lib/components/benchmarking/results/MC3linear/MC_benchfull_n6500.csv", "CSV", 0, 0, 0, 7, 0, 0, 0, 0, 0, 7
"/Users/charlottecox/Development/dissertation/draft2/src/lib/components/benchmarking/results/MC3linear/MC_benchfull_n7000.csv", "CSV", 0, 0, 0, 7, 0, 0, 0, 0, 0, 7
"/Users/charlottecox/Development/dissertation/draft2/src/lib/components/benchmarking/results/MC3linear/MC_benchfull_n7500.csv", "CSV", 0, 0, 0, 7, 0, 0, 0, 0, 0, 7
"/Users/charlottecox/Development/dissertation/draft2/src/lib/components/benchmarking/results/MC3linear/MC_benchfull_n800.csv", "CSV", 0, 0, 0, 7, 0, 0, 0, 0, 0, 7
"/Users/charlottecox/Development/dissertation/draft2/src/lib/components/benchmarking/results/MC3linear/MC_benchfull_n8000.csv", "CSV", 0, 0, 0, 7, 0, 0, 0, 0, 0, 7
"/Users/charlottecox/Development/dissertation/draft2/src/lib/components/benchmarking/results/MC3linear/MC_benchfull_n8500.csv", "CSV", 0, 0, 0, 7, 0, 0, 0, 0, 0, 7
"/Users/charlottecox/Development/dissertation/draft2/src/lib/components/benchmarking/results/MC3linear/MC_benchfull_n900.csv", "CSV", 0, 0, 0, 7, 0, 0, 0, 0, 0, 7
"/Users/charlottecox/Development/dissertation/draft2/src/lib/components/benchmarking/results/MC3linear/MC_benchfull_n9000.csv", "CSV", 0, 0, 0, 7, 0, 0, 0, 0, 0, 7
"/Users/charlottecox/Development/dissertation/draft2/src/lib/components/benchmarking/results/MC3linear/MC_benchfull_n9500.csv", "CSV", 0, 0, 0, 7, 0, 0, 0, 0, 0, 7
"/Users/charlottecox/Development/dissertation/draft2/src/lib/components/benchmarking/results/MC5sqrt/MC_bench_n10.csv", "CSV", 0, 0, 0, 5, 0, 0, 0, 0, 0, 5
"/Users/charlottecox/Development/dissertation/draft2/src/lib/components/benchmarking/results/MC5sqrt/MC_bench_n100.csv", "CSV", 0, 0, 0, 5, 0, 0, 0, 0, 0, 5
"/Users/charlottecox/Development/dissertation/draft2/src/lib/components/benchmarking/results/MC5sqrt/MC_bench_n1000.csv", "CSV", 0, 0, 0, 5, 0, 0, 0, 0, 0, 5
"/Users/charlottecox/Development/dissertation/draft2/src/lib/components/benchmarking/results/MC5sqrt/MC_bench_n1200.csv", "CSV", 0, 0, 0, 5, 0, 0, 0, 0, 0, 5
"/Users/charlottecox/Development/dissertation/draft2/src/lib/components/benchmarking/results/MC5sqrt/MC_bench_n1400.csv", "CSV", 0, 0, 0, 5, 0, 0, 0, 0, 0, 5
"/Users/charlottecox/Development/dissertation/draft2/src/lib/components/benchmarking/results/MC5sqrt/MC_bench_n1500.csv", "CSV", 0, 0, 0, 5, 0, 0, 0, 0, 0, 5
"/Users/charlottecox/Development/dissertation/draft2/src/lib/components/benchmarking/results/MC5sqrt/MC_bench_n2000.csv", "CSV", 0, 0, 0, 5, 0, 0, 0, 0, 0, 5
"/Users/charlottecox/Development/dissertation/draft2/src/lib/components/benchmarking/results/MC5sqrt/MC_bench_n2500.csv", "CSV", 0, 0, 0, 5, 0, 0, 0, 0, 0, 5
"/Users/charlottecox/Development/dissertation/draft2/src/lib/components/benchmarking/results/MC5sqrt/MC_bench_n3000.csv", "CSV", 0, 0, 0, 5, 0, 0, 0, 0, 0, 5
"/Users/charlottecox/Development/dissertation/draft2/src/lib/components/benchmarking/results/MC5sqrt/MC_bench_n3500.csv", "CSV", 0, 0, 0, 5, 0, 0, 0, 0, 0, 5
"/Users/charlottecox/Development/dissertation/draft2/src/lib/components/benchmarking/results/MC5sqrt/MC_bench_n500.csv", "CSV", 0, 0, 0, 5, 0, 0, 0, 0, 0, 5
"/Users/charlottecox/Development/dissertation/draft2/src/lib/components/benchmarking/results/MC5sqrt/MC_bench_n800.csv", "CSV", 0, 0, 0, 5, 0, 0, 0, 0, 0, 5
"/Users/charlottecox/Development/dissertation/draft2/src/lib/components/benchmarking/results/MC5sqrt/MC_bench_n900.csv", "CSV", 0, 0, 0, 5, 0, 0, 0, 0, 0, 5
"/Users/charlottecox/Development/dissertation/draft2/src/lib/components/benchmarking/results/MC5sqrt/MC_benchfull_sqrt_n10.csv", "CSV", 0, 0, 0, 7, 0, 0, 0, 0, 0, 7
"/Users/charlottecox/Development/dissertation/draft2/src/lib/components/benchmarking/results/MC5sqrt/MC_benchfull_sqrt_n100.csv", "CSV", 0, 0, 0, 7, 0, 0, 0, 0, 0, 7
"/Users/charlottecox/Development/dissertation/draft2/src/lib/components/benchmarking/results/MC5sqrt/MC_benchfull_sqrt_n1000.csv", "CSV", 0, 0, 0, 7, 0, 0, 0, 0, 0, 7
"/Users/charlottecox/Development/dissertation/draft2/src/lib/components/benchmarking/results/MC5sqrt/MC_benchfull_sqrt_n1200.csv", "CSV", 0, 0, 0, 7, 0, 0, 0, 0, 0, 7
"/Users/charlottecox/Development/dissertation/draft2/src/lib/components/benchmarking/results/MC5sqrt/MC_benchfull_sqrt_n1400.csv", "CSV", 0, 0, 0, 7, 0, 0, 0, 0, 0, 7
"/Users/charlottecox/Development/dissertation/draft2/src/lib/components/benchmarking/results/MC5sqrt/MC_benchfull_sqrt_n1600.csv", "CSV", 0, 0, 0, 7, 0, 0, 0, 0, 0, 7
"/Users/charlottecox/Development/dissertation/draft2/src/lib/components/benchmarking/results/MC5sqrt/MC_benchfull_sqrt_n1800.csv", "CSV", 0, 0, 0, 7, 0, 0, 0, 0, 0, 7
"/Users/charlottecox/Development/dissertation/draft2/src/lib/components/benchmarking/results/MC5sqrt/MC_benchfull_sqrt_n2000.csv", "CSV", 0, 0, 0, 7, 0, 0, 0, 0, 0, 7
"/Users/charlottecox/Development/dissertation/draft2/src/lib/components/benchmarking/results/MC5sqrt/MC_benchfull_sqrt_n2250.csv", "CSV", 0, 0, 0, 7, 0, 0, 0, 0, 0, 7
"/Users/charlottecox/Development/dissertation/draft2/src/lib/components/benchmarking/results/MC5sqrt/MC_benchfull_sqrt_n2500.csv", "CSV", 0, 0, 0, 7, 0, 0, 0, 0, 0, 7
"/Users/charlottecox/Development/dissertation/draft2/src/lib/components/benchmarking/results/MC5sqrt/MC_benchfull_sqrt_n3000.csv", "CSV", 0, 0, 0, 7, 0, 0, 0, 0, 0, 7
"/Users/charlottecox/Development/dissertation/draft2/src/lib/components/benchmarking/results/MC5sqrt/MC_benchfull_sqrt_n3500.csv", "CSV", 0, 0, 0, 7, 0, 0, 0, 0, 0, 7
"/Users/charlottecox/Development/dissertation/draft2/src/lib/components/benchmarking/results/MC5sqrt/MC_benchfull_sqrt_n4000.csv", "CSV", 0, 0, 0, 7, 0, 0, 0, 0, 0, 7
"/Users/charlottecox/Development/dissertation/draft2/src/lib/components/benchmarking/results/MC5sqrt/MC_benchfull_sqrt_n500.csv", "CSV", 0, 0, 0, 7, 0, 0, 0, 0, 0, 7
"/Users/charlottecox/Development/dissertation/draft2/src/lib/components/benchmarking/results/MC5sqrt/MC_benchfull_sqrt_n800.csv", "CSV", 0, 0, 0, 7, 0, 0, 0, 0, 0, 7
"/Users/charlottecox/Development/dissertation/draft2/src/lib/components/benchmarking/results/MC5sqrt/MC_benchfull_sqrt_n900.csv", "CSV", 0, 0, 0, 7, 0, 0, 0, 0, 0, 7
"/Users/charlottecox/Development/dissertation/draft2/src/lib/components/benchmarking/results/janurary_trials/FSM_bench_aftrOnDsChanges_n10.csv", "CSV", 0, 0, 0, 18, 0, 0, 0, 0, 0, 18
"/Users/charlottecox/Development/dissertation/draft2/src/lib/components/benchmarking/results/janurary_trials/FSM_bench_aftrOnDsChanges_n100.csv", "CSV", 0, 0, 0, 18, 0, 0, 0, 0, 0, 18
"/Users/charlottecox/Development/dissertation/draft2/src/lib/components/benchmarking/results/janurary_trials/FSM_bench_aftrOnDsChanges_n1000.csv", "CSV", 0, 0, 0, 18, 0, 0, 0, 0, 0, 18
"/Users/charlottecox/Development/dissertation/draft2/src/lib/components/benchmarking/results/janurary_trials/FSM_bench_aftrOnDsChanges_n500.csv", "CSV", 0, 0, 0, 18, 0, 0, 0, 0, 0, 18
"/Users/charlottecox/Development/dissertation/draft2/src/lib/components/benchmarking/results/janurary_trials/FSM_bench_monitoringDraw_n10.csv", "CSV", 0, 0, 0, 24, 0, 0, 0, 0, 0, 24
"/Users/charlottecox/Development/dissertation/draft2/src/lib/components/benchmarking/results/janurary_trials/FSM_bench_monitoringDraw_n100.csv", "CSV", 0, 0, 0, 24, 0, 0, 0, 0, 0, 24
"/Users/charlottecox/Development/dissertation/draft2/src/lib/components/benchmarking/results/janurary_trials/FSM_bench_monitoringDraw_n1000.csv", "CSV", 0, 0, 0, 24, 0, 0, 0, 0, 0, 24
"/Users/charlottecox/Development/dissertation/draft2/src/lib/components/benchmarking/results/janurary_trials/FSM_bench_monitoringDraw_n500.csv", "CSV", 0, 0, 0, 24, 0, 0, 0, 0, 0, 24
"/Users/charlottecox/Development/dissertation/draft2/src/lib/components/benchmarking/results/janurary_trials/FSM_bench_n10.csv", "CSV", 0, 0, 0, 20, 0, 0, 0, 0, 0, 20
"/Users/charlottecox/Development/dissertation/draft2/src/lib/components/benchmarking/results/janurary_trials/FSM_bench_n100.csv", "CSV", 0, 0, 0, 20, 0, 0, 0, 0, 0, 20
"/Users/charlottecox/Development/dissertation/draft2/src/lib/components/benchmarking/results/janurary_trials/FSM_bench_n1000.csv", "CSV", 0, 0, 0, 20, 0, 0, 0, 0, 0, 20
"/Users/charlottecox/Development/dissertation/draft2/src/lib/components/benchmarking/results/janurary_trials/FSM_bench_n500.csv", "CSV", 0, 0, 0, 20, 0, 0, 0, 0, 0, 20
"/Users/charlottecox/Development/dissertation/draft2/src/lib/components/benchmarking/results/janurary_trials/MC_bench_20pct_n10.csv", "CSV", 0, 0, 0, 18, 0, 0, 0, 0, 0, 18
"/Users/charlottecox/Development/dissertation/draft2/src/lib/components/benchmarking/results/janurary_trials/MC_bench_20pct_n100.csv", "CSV", 0, 0, 0, 18, 0, 0, 0, 0, 0, 18
"/Users/charlottecox/Development/dissertation/draft2/src/lib/components/benchmarking/results/janurary_trials/MC_bench_20pct_n500.csv", "CSV", 0, 0, 0, 18, 0, 0, 0, 0, 0, 18
"/Users/charlottecox/Development/dissertation/draft2/src/lib/components/benchmarking/results/janurary_trials/MC_bench_20pct_n750.csv", "CSV", 0, 0, 0, 18, 0, 0, 0, 0, 0, 18
"/Users/charlottecox/Development/dissertation/draft2/src/lib/components/benchmarking/results/oldMC3linear/MC_bench_n10.csv", "CSV", 0, 0, 0, 5, 0, 0, 0, 0, 0, 5
"/Users/charlottecox/Development/dissertation/draft2/src/lib/components/benchmarking/results/oldMC3linear/MC_bench_n100.csv", "CSV", 0, 0, 0, 5, 0, 0, 0, 0, 0, 5
"/Users/charlottecox/Development/dissertation/draft2/src/lib/components/benchmarking/results/oldMC3linear/MC_bench_n1000.csv", "CSV", 0, 0, 0, 5, 0, 0, 0, 0, 0, 5
"/Users/charlottecox/Development/dissertation/draft2/src/lib/components/benchmarking/results/oldMC3linear/MC_bench_n10000.csv", "CSV", 0, 0, 0, 5, 0, 0, 0, 0, 0, 5
"/Users/charlottecox/Development/dissertation/draft2/src/lib/components/benchmarking/results/oldMC3linear/MC_bench_n10500.csv", "CSV", 0, 0, 0, 5, 0, 0, 0, 0, 0, 5
"/Users/charlottecox/Development/dissertation/draft2/src/lib/components/benchmarking/results/oldMC3linear/MC_bench_n11000.csv", "CSV", 0, 0, 0, 5, 0, 0, 0, 0, 0, 5
"/Users/charlottecox/Development/dissertation/draft2/src/lib/components/benchmarking/results/oldMC3linear/MC_bench_n11500.csv", "CSV", 0, 0, 0, 5, 0, 0, 0, 0, 0, 5
"/Users/charlottecox/Development/dissertation/draft2/src/lib/components/benchmarking/results/oldMC3linear/MC_bench_n1200.csv", "CSV", 0, 0, 0, 5, 0, 0, 0, 0, 0, 5
"/Users/charlottecox/Development/dissertation/draft2/src/lib/components/benchmarking/results/oldMC3linear/MC_bench_n1400.csv", "CSV", 0, 0, 0, 5, 0, 0, 0, 0, 0, 5
"/Users/charlottecox/Development/dissertation/draft2/src/lib/components/benchmarking/results/oldMC3linear/MC_bench_n1600.csv", "CSV", 0, 0, 0, 5, 0, 0, 0, 0, 0, 5
"/Users/charlottecox/Development/dissertation/draft2/src/lib/components/benchmarking/results/oldMC3linear/MC_bench_n1800.csv", "CSV", 0, 0, 0, 5, 0, 0, 0, 0, 0, 5
"/Users/charlottecox/Development/dissertation/draft2/src/lib/components/benchmarking/results/oldMC3linear/MC_bench_n2000.csv", "CSV", 0, 0, 0, 5, 0, 0, 0, 0, 0, 5
"/Users/charlottecox/Development/dissertation/draft2/src/lib/components/benchmarking/results/oldMC3linear/MC_bench_n2250.csv", "CSV", 0, 0, 0, 5, 0, 0, 0, 0, 0, 5
"/Users/charlottecox/Development/dissertation/draft2/src/lib/components/benchmarking/results/oldMC3linear/MC_bench_n2500.csv", "CSV", 0, 0, 0, 5, 0, 0, 0, 0, 0, 5
"/Users/charlottecox/Development/dissertation/draft2/src/lib/components/benchmarking/results/oldMC3linear/MC_bench_n3000.csv", "CSV", 0, 0, 0, 5, 0, 0, 0, 0, 0, 5
"/Users/charlottecox/Development/dissertation/draft2/src/lib/components/benchmarking/results/oldMC3linear/MC_bench_n3500.csv", "CSV", 0, 0, 0, 5, 0, 0, 0, 0, 0, 5
"/Users/charlottecox/Development/dissertation/draft2/src/lib/components/benchmarking/results/oldMC3linear/MC_bench_n4000.csv", "CSV", 0, 0, 0, 5, 0, 0, 0, 0, 0, 5
"/Users/charlottecox/Development/dissertation/draft2/src/lib/components/benchmarking/results/oldMC3linear/MC_bench_n4500.csv", "CSV", 0, 0, 0, 5, 0, 0, 0, 0, 0, 5
"/Users/charlottecox/Development/dissertation/draft2/src/lib/components/benchmarking/results/oldMC3linear/MC_bench_n500.csv", "CSV", 0, 0, 0, 5, 0, 0, 0, 0, 0, 5
"/Users/charlottecox/Development/dissertation/draft2/src/lib/components/benchmarking/results/oldMC3linear/MC_bench_n5000.csv", "CSV", 0, 0, 0, 5, 0, 0, 0, 0, 0, 5
"/Users/charlottecox/Development/dissertation/draft2/src/lib/components/benchmarking/results/oldMC3linear/MC_bench_n5500.csv", "CSV", 0, 0, 0, 5, 0, 0, 0, 0, 0, 5
"/Users/charlottecox/Development/dissertation/draft2/src/lib/components/benchmarking/results/oldMC3linear/MC_bench_n6000.csv", "CSV", 0, 0, 0, 5, 0, 0, 0, 0, 0, 5
"/Users/charlottecox/Development/dissertation/draft2/src/lib/components/benchmarking/results/oldMC3linear/MC_bench_n6500.csv", "CSV", 0, 0, 0, 5, 0, 0, 0, 0, 0, 5
"/Users/charlottecox/Development/dissertation/draft2/src/lib/components/benchmarking/results/oldMC3linear/MC_bench_n7000.csv", "CSV", 0, 0, 0, 5, 0, 0, 0, 0, 0, 5
"/Users/charlottecox/Development/dissertation/draft2/src/lib/components/benchmarking/results/oldMC3linear/MC_bench_n7500.csv", "CSV", 0, 0, 0, 5, 0, 0, 0, 0, 0, 5
"/Users/charlottecox/Development/dissertation/draft2/src/lib/components/benchmarking/results/oldMC3linear/MC_bench_n800.csv", "CSV", 0, 0, 0, 5, 0, 0, 0, 0, 0, 5
"/Users/charlottecox/Development/dissertation/draft2/src/lib/components/benchmarking/results/oldMC3linear/MC_bench_n8000.csv", "CSV", 0, 0, 0, 5, 0, 0, 0, 0, 0, 5
"/Users/charlottecox/Development/dissertation/draft2/src/lib/components/benchmarking/results/oldMC3linear/MC_bench_n8500.csv", "CSV", 0, 0, 0, 5, 0, 0, 0, 0, 0, 5
"/Users/charlottecox/Development/dissertation/draft2/src/lib/components/benchmarking/results/oldMC3linear/MC_bench_n900.csv", "CSV", 0, 0, 0, 5, 0, 0, 0, 0, 0, 5
"/Users/charlottecox/Development/dissertation/draft2/src/lib/components/benchmarking/results/oldMC3linear/MC_bench_n9000.csv", "CSV", 0, 0, 0, 5, 0, 0, 0, 0, 0, 5
"/Users/charlottecox/Development/dissertation/draft2/src/lib/components/benchmarking/results/oldMC3linear/MC_bench_n9500.csv", "CSV", 0, 0, 0, 5, 0, 0, 0, 0, 0, 5
"/Users/charlottecox/Development/dissertation/draft2/src/lib/components/compute/computeBox.svelte", "Svelte", -131, 0, 0, 0, 0, 0, 0, -1, -40, -172
"/Users/charlottecox/Development/dissertation/draft2/src/lib/components/compute/computeCompletePredictedMarkov.ts", "TypeScript", 0, -77, 0, 0, 0, 0, 0, 3, -12, -86
"/Users/charlottecox/Development/dissertation/draft2/src/lib/components/compute/computeFlatValidity.ts", "TypeScript", 0, 21, 0, 0, 0, 0, 0, 0, 4, 25
"/Users/charlottecox/Development/dissertation/draft2/src/lib/components/compute/computeHiearchicalValidity.ts", "TypeScript", 0, 187, 0, 0, 0, 0, 0, 8, 24, 219
"/Users/charlottecox/Development/dissertation/draft2/src/lib/components/compute/computeProbability.ts", "TypeScript", 0, 28, 0, 0, 0, 0, 0, 1, 8, 37
"/Users/charlottecox/Development/dissertation/draft2/src/lib/components/compute/computeProbabilityMarkov.ts", "TypeScript", 0, -28, 0, 0, 0, 0, 0, -1, -8, -37
"/Users/charlottecox/Development/dissertation/draft2/src/lib/components/compute/computeValidityFSM.ts", "TypeScript", 0, -367, 0, 0, 0, 0, 0, -17, -37, -421
"/Users/charlottecox/Development/dissertation/draft2/src/lib/components/depreciated/fsmHGraphBuilder.ts", "TypeScript", 0, -46, 0, 0, 0, 0, 0, 0, -4, -50
"/Users/charlottecox/Development/dissertation/draft2/src/lib/components/depreciated/fsmHierarchicalViewer.svelte", "Svelte", -1188, 0, 0, 0, 0, 0, 0, 0, -196, -1384
"/Users/charlottecox/Development/dissertation/draft2/src/lib/components/depreciated/fsmToBeHacked.svelte", "Svelte", -763, 0, 0, 0, 0, 0, 0, 0, -121, -884
"/Users/charlottecox/Development/dissertation/draft2/src/lib/components/depreciated/fsmView.svelte", "Svelte", -198, 0, 0, 0, 0, 0, 0, 0, -32, -230
"/Users/charlottecox/Development/dissertation/draft2/src/lib/components/depreciated/markovView.svelte", "Svelte", -280, 0, 0, 0, 0, 0, 0, 0, -42, -322
"/Users/charlottecox/Development/dissertation/draft2/src/lib/components/interactive/preprocess_ted.py", "Python", 0, 0, -63, 0, 0, 0, 0, -1, -10, -74
"/Users/charlottecox/Development/dissertation/draft2/src/lib/components/markovHierarchicalViewer.svelte", "Svelte", -575, 0, 0, 0, 0, 0, 0, -11, -69, -655
"/Users/charlottecox/Development/dissertation/draft2/src/lib/components/sharedGraph/collapse.ts", "TypeScript", 0, -43, 0, 0, 0, 0, 0, -1, -10, -54
"/Users/charlottecox/Development/dissertation/draft2/src/lib/components/sharedGraph/graphRendering.ts", "TypeScript", 0, 57, 0, 0, 0, 0, 0, 2, 6, 65
"/Users/charlottecox/Development/dissertation/draft2/src/lib/components/sharedGraph/pathwalk.ts", "TypeScript", 0, 129, 0, 0, 0, 0, 0, 11, 16, 156
"/Users/charlottecox/Development/dissertation/draft2/src/lib/components/sharedGraph/rectangleUtilityHelpers.ts", "TypeScript", 0, 132, 0, 0, 0, 0, 0, 2, 17, 151
"/Users/charlottecox/Development/dissertation/draft2/src/lib/components/sharedGraph/screenControls.ts", "TypeScript", 0, 30, 0, 0, 0, 0, 0, 6, 4, 40
"/Users/charlottecox/Development/dissertation/draft2/src/lib/components/sharedGraph/subgraphExpansion.ts", "TypeScript", 0, 268, 0, 0, 0, 0, 0, 7, 38, 313
"/Users/charlottecox/Development/dissertation/draft2/src/lib/components/sharedGraph/subgraphLayoutCA.ts", "TypeScript", 0, 211, 0, 0, 0, 0, 0, 15, 25, 251
"/Users/charlottecox/Development/dissertation/draft2/src/lib/components/tmpoldhm.svelte", "Svelte", -828, 0, 0, 0, 0, 0, 0, 0, -80, -908
"/Users/charlottecox/Development/dissertation/draft2/src/lib/data/TED/TED_Talk.csv", "CSV", 0, 0, 0, 4848, 0, 0, 0, 0, 94, 4942
"/Users/charlottecox/Development/dissertation/draft2/src/lib/data/TED/TED_Talk.json", "JSON", 0, 0, 0, 0, 0, 246672, 0, 0, 0, 246672
"/Users/charlottecox/Development/dissertation/draft2/src/lib/data/TED/makeTedMarkov.ts", "TypeScript", 0, 21, 0, 0, 0, 0, 0, 1, 7, 29
"/Users/charlottecox/Development/dissertation/draft2/src/lib/data/TED/preprocess_ted.py", "Python", 0, 0, 63, 0, 0, 0, 0, 1, 10, 74
"/Users/charlottecox/Development/dissertation/draft2/src/lib/data/ca_letters/caLetterMarkov.ts", "TypeScript", 0, -27, 0, 0, 0, 0, 0, 0, -13, -40
"/Users/charlottecox/Development/dissertation/draft2/src/lib/data/cam_letters/camFSM.ts", "TypeScript", 0, -70, 0, 0, 0, 0, 0, -1, -21, -92
"/Users/charlottecox/Development/dissertation/draft2/src/lib/data/cam_letters/camLetterMarkov.ts", "TypeScript", 0, -59, 0, 0, 0, 0, 0, 0, -34, -93
"/Users/charlottecox/Development/dissertation/draft2/src/lib/data/cam_letters/camMarkov.ts", "TypeScript", 0, -75, 0, 0, 0, 0, 0, -4, -31, -110
"/Users/charlottecox/Development/dissertation/draft2/src/lib/data/churchill/churchillFSM.ts", "TypeScript", 0, -35, 0, 0, 0, 0, 0, 0, -3, -38
"/Users/charlottecox/Development/dissertation/draft2/src/lib/data/churchill/churchillMarkov.ts", "TypeScript", 0, -37, 0, 0, 0, 0, 0, -16, -22, -75
"/Users/charlottecox/Development/dissertation/draft2/src/lib/data/interactive/TED_Talk.csv", "CSV", 0, 0, 0, -4848, 0, 0, 0, 0, -94, -4942
"/Users/charlottecox/Development/dissertation/draft2/src/lib/data/interactive/TED_Talk.json", "JSON", 0, 0, 0, 0, 0, -246672, 0, 0, 0, -246672
"/Users/charlottecox/Development/dissertation/draft2/src/lib/data/interactive/makeTedMarkov.ts", "TypeScript", 0, -21, 0, 0, 0, 0, 0, -1, -7, -29
"/Users/charlottecox/Development/dissertation/draft2/src/lib/data/pure_algebra/ASDiv.xml", "XML", 0, 0, 0, 0, 0, 0, -16140, 0, -3, -16143
"/Users/charlottecox/Development/dissertation/draft2/src/lib/data/pure_algebra/algebraFSM.ts", "TypeScript", 0, -152, 0, 0, 0, 0, 0, 0, -32, -184
"/Users/charlottecox/Development/dissertation/draft2/src/lib/data/pure_algebra/algebraMarkov.ts", "TypeScript", 0, -129, 0, 0, 0, 0, 0, 0, -30, -159
"/Users/charlottecox/Development/dissertation/draft2/src/lib/data/pure_algebra/algebraicArrayDataset.ts", "TypeScript", 0, -1297, 0, 0, 0, 0, 0, 0, 0, -1297
"/Users/charlottecox/Development/dissertation/draft2/src/lib/data/pure_algebra/algebraicExpressions.csv", "CSV", 0, 0, 0, -1272, 0, 0, 0, 0, -1, -1273
"/Users/charlottecox/Development/dissertation/draft2/src/lib/data/pure_algebra/algebraicScraper.py", "Python", 0, 0, -16, 0, 0, 0, 0, -1, -10, -27
"/Users/charlottecox/Development/dissertation/draft2/src/lib/data/pure_algebra/algebraicStructure.py", "Python", 0, 0, -27, 0, 0, 0, 0, 0, -6, -33
"/Users/charlottecox/Development/dissertation/draft2/src/lib/data/python_assignments/createPythonData.py", "Python", 0, 0, -64, 0, 0, 0, 0, -3, -11, -78
"/Users/charlottecox/Development/dissertation/draft2/src/lib/data/python_assignments/letFSM.ts", "TypeScript", 0, 128, 0, 0, 0, 0, 0, -9, -1, 118
"/Users/charlottecox/Development/dissertation/draft2/src/lib/data/python_assignments/letFSM2.ts", "TypeScript", 0, -243, 0, 0, 0, 0, 0, -11, -12, -266
"/Users/charlottecox/Development/dissertation/draft2/src/lib/data/python_assignments/letFSMCompute.ts", "TypeScript", 0, 140, 0, 0, 0, 0, 0, 12, 7, 159
"/Users/charlottecox/Development/dissertation/draft2/src/lib/data/python_assignments/makeMarkovProbsPython.py", "Python", 0, 0, 0, 0, 0, 0, 0, -5, 0, -5
"/Users/charlottecox/Development/dissertation/draft2/src/lib/data/shakeItOff/EDIT_hopcrofts.ts", "TypeScript", 0, -153, 0, 0, 0, 0, 0, -1, -34, -188
"/Users/charlottecox/Development/dissertation/draft2/src/lib/data/shakeItOff/EDIT_shakeitoffSAM.ts", "TypeScript", 0, -77, 0, 0, 0, 0, 0, 0, -15, -92
"/Users/charlottecox/Development/dissertation/draft2/src/lib/data/shakeItOff/SAM.ts", "TypeScript", 0, 60, 0, 0, 0, 0, 0, 1, 14, 75
"/Users/charlottecox/Development/dissertation/draft2/src/lib/data/shakeItOff/buildShakeItOffFSM.ts", "TypeScript", 0, 138, 0, 0, 0, 0, 0, 15, 25, 178
"/Users/charlottecox/Development/dissertation/draft2/src/lib/data/shakeItOff/hopcrofts.ts", "TypeScript", 0, 129, 0, 0, 0, 0, 0, 1, 26, 156
"/Users/charlottecox/Development/dissertation/draft2/src/lib/data/shakeItOff/shakeItOff_2gram_markov.json", "JSON", 0, 0, 0, 0, 0, -1024, 0, 0, 0, -1024
"/Users/charlottecox/Development/dissertation/draft2/src/lib/data/shakeItOff/shakeItOff_3gram_markov.json", "JSON", 0, 0, 0, 0, 0, -1231, 0, 0, 0, -1231
"/Users/charlottecox/Development/dissertation/draft2/src/lib/data/shakeItOff/shakeItOff_4gram_markov.json", "JSON", 0, 0, 0, 0, 0, -1353, 0, 0, 0, -1353
"/Users/charlottecox/Development/dissertation/draft2/src/lib/data/shakeItOff/shakeItOff_Markov.ts", "TypeScript", 0, 0, 0, 0, 0, 0, 0, -2, -1, -3
"/Users/charlottecox/Development/dissertation/draft2/src/lib/data/shakeItOff/shakeItOff_v2_2gram_markov.json", "JSON", 0, 0, 0, 0, 0, -1024, 0, 0, 0, -1024
"/Users/charlottecox/Development/dissertation/draft2/src/lib/data/shakeItOff/shakeItOfff_markov_kgrams.py", "Python", 0, 0, -50, 0, 0, 0, 0, -31, -19, -100
"/Users/charlottecox/Development/dissertation/draft2/src/lib/data/shakeItOff/shakeitoff.ts", "TypeScript", 0, -152, 0, 0, 0, 0, 0, -15, -23, -190
"/Users/charlottecox/Development/dissertation/draft2/src/lib/data/vending/vending40pFSM.ts", "TypeScript", 0, 23, 0, 0, 0, 0, 0, 0, 10, 33
"/Users/charlottecox/Development/dissertation/draft2/src/lib/data/vending/vendingFSM.ts", "TypeScript", 0, -23, 0, 0, 0, 0, 0, 0, -10, -33
"/Users/charlottecox/Development/dissertation/draft2/src/lib/graph/graphBehaviours.ts", "TypeScript", 0, -3, 0, 0, 0, 0, 0, 3, 0, 0
"/Users/charlottecox/Development/dissertation/draft2/src/lib/graph/graphTypes.ts", "TypeScript", 0, 9, 0, 0, 0, 0, 0, 5, 0, 14
"/Users/charlottecox/Development/dissertation/draft2/src/lib/styles/theme.css", "PostCSS", 0, 0, 0, 0, -33, 0, 0, 0, 2, -31
"/Users/charlottecox/Development/dissertation/draft2/src/routes/+layout.svelte", "Svelte", -3, 0, 0, 0, 0, 0, 0, -16, -4, -23
"/Users/charlottecox/Development/dissertation/draft2/src/routes/+page.svelte", "Svelte", -4, 0, 0, 0, 0, 0, 0, 0, 0, -4
"/Users/charlottecox/Development/dissertation/draft2/src/routes/benchmark/+page.svelte", "Svelte", -162, 0, 0, 0, 0, 0, 0, 0, -12, -174
"/Users/charlottecox/Development/dissertation/draft2/src/routes/cartons_letters/+page.svelte", "Svelte", -18, 0, 0, 0, 0, 0, 0, 0, -5, -23
"/Users/charlottecox/Development/dissertation/draft2/src/routes/not_using/algebraPage0/+page.svelte", "Svelte", -139, 0, 0, 0, 0, 0, 0, 0, -15, -154
"/Users/charlottecox/Development/dissertation/draft2/src/routes/not_using/caPage1/+page.svelte", "Svelte", -98, 0, 0, 0, 0, 0, 0, 0, -12, -110
"/Users/charlottecox/Development/dissertation/draft2/src/routes/not_using/camPage2/+page.svelte", "Svelte", -80, 0, 0, 0, 0, 0, 0, 0, -11, -91
"/Users/charlottecox/Development/dissertation/draft2/src/routes/not_using/cambridgeFsm/+page.svelte", "Svelte", -317, 0, 0, 0, 0, 0, 0, 0, -62, -379
"/Users/charlottecox/Development/dissertation/draft2/src/routes/not_using/churPage3/+page.svelte", "Svelte", -81, 0, 0, 0, 0, 0, 0, -86, -10, -177
"/Users/charlottecox/Development/dissertation/draft2/src/routes/not_using/churchillFSM/+page.svelte", "Svelte", -287, 0, 0, 0, 0, 0, 0, 0, -51, -338
"/Users/charlottecox/Development/dissertation/draft2/src/routes/not_using/holdsShape/+page.svelte", "Svelte", -209, 0, 0, 0, 0, 0, 0, 0, -50, -259
"/Users/charlottecox/Development/dissertation/draft2/src/routes/not_using/markov1/+page.svelte", "Svelte", 0, 0, 0, 0, 0, 0, 0, -268, 0, -268
"/Users/charlottecox/Development/dissertation/draft2/src/routes/not_using/myFSM/+page.svelte", "Svelte", -263, 0, 0, 0, 0, 0, 0, 0, -51, -314
"/Users/charlottecox/Development/dissertation/draft2/src/routes/not_using/resizes/+page.svelte", "Svelte", -150, 0, 0, 0, 0, 0, 0, 0, -28, -178
"/Users/charlottecox/Development/dissertation/draft2/src/routes/not_using/svelteImperativeFSM/+page.svelte", "Svelte", -135, 0, 0, 0, 0, 0, 0, 0, -16, -151
"/Users/charlottecox/Development/dissertation/draft2/src/routes/python/+page.svelte", "Svelte", -22, 0, 0, 0, 0, 0, 0, 0, -1, -23
"/Users/charlottecox/Development/dissertation/draft2/src/routes/shakeItOff/+page.svelte", "Svelte", 7, 0, 0, 0, 0, 0, 0, 0, -1, 6
"/Users/charlottecox/Development/dissertation/draft2/src/routes/vending/+page.svelte", "Svelte", -76, 0, 0, 0, 0, 0, 0, 0, -7, -83
"Total", "-", -6655, -2337, -205, -266, -33, -4632, -16140, -443, -1323, -32034