"filename", "language", "TypeScript", "Svelte", "XML", "Python", "JSON", "CSV", "PostCSS", "comment", "blank", "total"
"/Users/charlottecox/Development/dissertation/draft2/src/lib/assets/favicon.svg", "XML", 0, 0, 1, 0, 0, 0, 0, 0, 0, 1
"/Users/charlottecox/Development/dissertation/draft2/src/lib/benchmarking/createFSMBarChart.py", "Python", 0, 0, 0, 78, 0, 0, 0, 0, 13, 91
"/Users/charlottecox/Development/dissertation/draft2/src/lib/benchmarking/createMCBarChart.py", "Python", 0, 0, 0, 65, 0, 0, 0, 3, 12, 80
"/Users/charlottecox/Development/dissertation/draft2/src/lib/benchmarking/fsmViewerBenchmarking.svelte", "Svelte", 0, 826, 0, 0, 0, 0, 0, 0, 129, 955
"/Users/charlottecox/Development/dissertation/draft2/src/lib/benchmarking/makeSyntheticFsmDS.ts", "TypeScript", 44, 0, 0, 0, 0, 0, 0, 2, 12, 58
"/Users/charlottecox/Development/dissertation/draft2/src/lib/benchmarking/makeSyntheticMCDS.ts", "TypeScript", 36, 0, 0, 0, 0, 0, 0, 1, 11, 48
"/Users/charlottecox/Development/dissertation/draft2/src/lib/benchmarking/markovViewerBenchmarking.svelte", "Svelte", 0, 566, 0, 0, 0, 0, 0, 1, 75, 642
"/Users/charlottecox/Development/dissertation/draft2/src/lib/benchmarking/profiler.ts", "TypeScript", 25, 0, 0, 0, 0, 0, 0, 0, 3, 28
"/Users/charlottecox/Development/dissertation/draft2/src/lib/benchmarking/results/FSM_bench_aftrOnDsChanges_n10.csv", "CSV", 0, 0, 0, 0, 0, 18, 0, 0, 0, 18
"/Users/charlottecox/Development/dissertation/draft2/src/lib/benchmarking/results/FSM_bench_aftrOnDsChanges_n100.csv", "CSV", 0, 0, 0, 0, 0, 18, 0, 0, 0, 18
"/Users/charlottecox/Development/dissertation/draft2/src/lib/benchmarking/results/FSM_bench_aftrOnDsChanges_n1000.csv", "CSV", 0, 0, 0, 0, 0, 18, 0, 0, 0, 18
"/Users/charlottecox/Development/dissertation/draft2/src/lib/benchmarking/results/FSM_bench_aftrOnDsChanges_n500.csv", "CSV", 0, 0, 0, 0, 0, 18, 0, 0, 0, 18
"/Users/charlottecox/Development/dissertation/draft2/src/lib/benchmarking/results/FSM_bench_monitoringDraw_n10.csv", "CSV", 0, 0, 0, 0, 0, 24, 0, 0, 0, 24
"/Users/charlottecox/Development/dissertation/draft2/src/lib/benchmarking/results/FSM_bench_monitoringDraw_n100.csv", "CSV", 0, 0, 0, 0, 0, 24, 0, 0, 0, 24
"/Users/charlottecox/Development/dissertation/draft2/src/lib/benchmarking/results/FSM_bench_monitoringDraw_n1000.csv", "CSV", 0, 0, 0, 0, 0, 24, 0, 0, 0, 24
"/Users/charlottecox/Development/dissertation/draft2/src/lib/benchmarking/results/FSM_bench_monitoringDraw_n500.csv", "CSV", 0, 0, 0, 0, 0, 24, 0, 0, 0, 24
"/Users/charlottecox/Development/dissertation/draft2/src/lib/benchmarking/results/FSM_bench_n10.csv", "CSV", 0, 0, 0, 0, 0, 20, 0, 0, 0, 20
"/Users/charlottecox/Development/dissertation/draft2/src/lib/benchmarking/results/FSM_bench_n100.csv", "CSV", 0, 0, 0, 0, 0, 20, 0, 0, 0, 20
"/Users/charlottecox/Development/dissertation/draft2/src/lib/benchmarking/results/FSM_bench_n1000.csv", "CSV", 0, 0, 0, 0, 0, 20, 0, 0, 0, 20
"/Users/charlottecox/Development/dissertation/draft2/src/lib/benchmarking/results/FSM_bench_n500.csv", "CSV", 0, 0, 0, 0, 0, 20, 0, 0, 0, 20
"/Users/charlottecox/Development/dissertation/draft2/src/lib/benchmarking/results/MC_bench_20pct_n10.csv", "CSV", 0, 0, 0, 0, 0, 18, 0, 0, 0, 18
"/Users/charlottecox/Development/dissertation/draft2/src/lib/benchmarking/results/MC_bench_20pct_n100.csv", "CSV", 0, 0, 0, 0, 0, 18, 0, 0, 0, 18
"/Users/charlottecox/Development/dissertation/draft2/src/lib/benchmarking/results/MC_bench_20pct_n500.csv", "CSV", 0, 0, 0, 0, 0, 18, 0, 0, 0, 18
"/Users/charlottecox/Development/dissertation/draft2/src/lib/benchmarking/results/MC_bench_20pct_n750.csv", "CSV", 0, 0, 0, 0, 0, 18, 0, 0, 0, 18
"/Users/charlottecox/Development/dissertation/draft2/src/lib/components/Accordion.svelte", "Svelte", 0, 74, 0, 0, 0, 0, 0, 0, 4, 78
"/Users/charlottecox/Development/dissertation/draft2/src/lib/components/MC/HM.svelte", "Svelte", 0, 407, 0, 0, 0, 0, 0, 7, 42, 456
"/Users/charlottecox/Development/dissertation/draft2/src/lib/components/MC/interHaloArrows.ts", "TypeScript", 71, 0, 0, 0, 0, 0, 0, 0, 11, 82
"/Users/charlottecox/Development/dissertation/draft2/src/lib/components/MC/mcLayoutPositions.ts", "TypeScript", 191, 0, 0, 0, 0, 0, 0, 117, 46, 354
"/Users/charlottecox/Development/dissertation/draft2/src/lib/components/MC/mcPathWalk.ts", "TypeScript", 180, 0, 0, 0, 0, 0, 0, 1, 28, 209
"/Users/charlottecox/Development/dissertation/draft2/src/lib/components/MC/mcRendering.ts", "TypeScript", 129, 0, 0, 0, 0, 0, 0, 1, 6, 136
"/Users/charlottecox/Development/dissertation/draft2/src/lib/components/MC/mcSVGSetup.ts", "TypeScript", 13, 0, 0, 0, 0, 0, 0, 0, 2, 15
"/Users/charlottecox/Development/dissertation/draft2/src/lib/components/MC/mcSubgraphCA.ts", "TypeScript", 64, 0, 0, 0, 0, 0, 0, 2, 6, 72
"/Users/charlottecox/Development/dissertation/draft2/src/lib/components/compute/computeBox.svelte", "Svelte", 0, 588, 0, 0, 0, 0, 0, 2, 84, 674
"/Users/charlottecox/Development/dissertation/draft2/src/lib/components/compute/computeCompletePredictedMarkov.ts", "TypeScript", 169, 0, 0, 0, 0, 0, 0, 0, 35, 204
"/Users/charlottecox/Development/dissertation/draft2/src/lib/components/compute/computeProbabilityMarkov.ts", "TypeScript", 28, 0, 0, 0, 0, 0, 0, 1, 8, 37
"/Users/charlottecox/Development/dissertation/draft2/src/lib/components/compute/computeValidityFSM.ts", "TypeScript", 367, 0, 0, 0, 0, 0, 0, 17, 37, 421
"/Users/charlottecox/Development/dissertation/draft2/src/lib/components/compute/markovFilterHelpers.ts", "TypeScript", 32, 0, 0, 0, 0, 0, 0, 3, 8, 43
"/Users/charlottecox/Development/dissertation/draft2/src/lib/components/depreciated/fsmHGraphBuilder.ts", "TypeScript", 46, 0, 0, 0, 0, 0, 0, 0, 4, 50
"/Users/charlottecox/Development/dissertation/draft2/src/lib/components/depreciated/fsmHierarchicalViewer.svelte", "Svelte", 0, 1188, 0, 0, 0, 0, 0, 0, 196, 1384
"/Users/charlottecox/Development/dissertation/draft2/src/lib/components/depreciated/fsmToBeHacked.svelte", "Svelte", 0, 763, 0, 0, 0, 0, 0, 0, 121, 884
"/Users/charlottecox/Development/dissertation/draft2/src/lib/components/depreciated/fsmView.svelte", "Svelte", 0, 198, 0, 0, 0, 0, 0, 0, 32, 230
"/Users/charlottecox/Development/dissertation/draft2/src/lib/components/depreciated/markovView.svelte", "Svelte", 0, 280, 0, 0, 0, 0, 0, 0, 42, 322
"/Users/charlottecox/Development/dissertation/draft2/src/lib/components/FSM/fsmLayoutPositions.ts", "TypeScript", 169, 0, 0, 0, 0, 0, 0, 7, 41, 217
"/Users/charlottecox/Development/dissertation/draft2/src/lib/components/FSM/fsmRectangleUtilityHelpers.ts", "TypeScript", 111, 0, 0, 0, 0, 0, 0, 1, 13, 125
"/Users/charlottecox/Development/dissertation/draft2/src/lib/components/FSM/fsmRendering.ts", "TypeScript", 258, 0, 0, 0, 0, 0, 0, 41, 50, 349
"/Users/charlottecox/Development/dissertation/draft2/src/lib/components/FSM/fsmSVGSetup.ts", "TypeScript", 13, 0, 0, 0, 0, 0, 0, 1, 6, 20
"/Users/charlottecox/Development/dissertation/draft2/src/lib/components/FSM/fsmSubgraphExpansion.ts", "TypeScript", 221, 0, 0, 0, 0, 0, 0, 6, 27, 254
"/Users/charlottecox/Development/dissertation/draft2/src/lib/components/FSM/fsmSubgraphLayoutCA.ts", "TypeScript", 205, 0, 0, 0, 0, 0, 0, 9, 22, 236
"/Users/charlottecox/Development/dissertation/draft2/src/lib/components/FSM/fsmViewer.svelte", "Svelte", 0, 301, 0, 0, 0, 0, 0, 0, 38, 339
"/Users/charlottecox/Development/dissertation/draft2/src/lib/components/FSM/pathwalk.ts", "TypeScript", 105, 0, 0, 0, 0, 0, 0, 4, 15, 124
"/Users/charlottecox/Development/dissertation/draft2/src/lib/components/FSM/screenControls.ts", "TypeScript", 30, 0, 0, 0, 0, 0, 0, 6, 4, 40
"/Users/charlottecox/Development/dissertation/draft2/src/lib/components/interactive/preprocess_ted.py", "Python", 0, 0, 0, 63, 0, 0, 0, 1, 10, 74
"/Users/charlottecox/Development/dissertation/draft2/src/lib/components/markovHierarchicalViewer.svelte", "Svelte", 0, 575, 0, 0, 0, 0, 0, 11, 69, 655
"/Users/charlottecox/Development/dissertation/draft2/src/lib/components/pageIntro.svelte", "Svelte", 0, 27, 0, 0, 0, 0, 0, 0, 2, 29
"/Users/charlottecox/Development/dissertation/draft2/src/lib/components/sharedGraph/collapse.ts", "TypeScript", 43, 0, 0, 0, 0, 0, 0, 1, 10, 54
"/Users/charlottecox/Development/dissertation/draft2/src/lib/components/sharedGraph/graphRendering.ts", "TypeScript", 76, 0, 0, 0, 0, 0, 0, 0, 10, 86
"/Users/charlottecox/Development/dissertation/draft2/src/lib/components/sharedGraph/lifecycle.ts", "TypeScript", 6, 0, 0, 0, 0, 0, 0, 0, 1, 7
"/Users/charlottecox/Development/dissertation/draft2/src/lib/components/tmpoldhm.svelte", "Svelte", 0, 828, 0, 0, 0, 0, 0, 0, 80, 908
"/Users/charlottecox/Development/dissertation/draft2/src/lib/data/ca_letters/caFSM.ts", "TypeScript", 45, 0, 0, 0, 0, 0, 0, 0, 10, 55
"/Users/charlottecox/Development/dissertation/draft2/src/lib/data/ca_letters/caLetterMarkov.ts", "TypeScript", 27, 0, 0, 0, 0, 0, 0, 0, 13, 40
"/Users/charlottecox/Development/dissertation/draft2/src/lib/data/ca_letters/ca_letters_markov.json", "JSON", 0, 0, 0, 0, 91, 0, 0, 0, 0, 91
"/Users/charlottecox/Development/dissertation/draft2/src/lib/data/ca_letters/ca_markov.ts", "TypeScript", 4, 0, 0, 0, 0, 0, 0, 0, 1, 5
"/Users/charlottecox/Development/dissertation/draft2/src/lib/data/cam_letters/camFSM.ts", "TypeScript", 70, 0, 0, 0, 0, 0, 0, 1, 21, 92
"/Users/charlottecox/Development/dissertation/draft2/src/lib/data/cam_letters/camLetterMarkov.ts", "TypeScript", 59, 0, 0, 0, 0, 0, 0, 0, 34, 93
"/Users/charlottecox/Development/dissertation/draft2/src/lib/data/cam_letters/camMarkov.ts", "TypeScript", 75, 0, 0, 0, 0, 0, 0, 4, 31, 110
"/Users/charlottecox/Development/dissertation/draft2/src/lib/data/churchill/churchillFSM.ts", "TypeScript", 35, 0, 0, 0, 0, 0, 0, 0, 3, 38
"/Users/charlottecox/Development/dissertation/draft2/src/lib/data/churchill/churchillMarkov.ts", "TypeScript", 37, 0, 0, 0, 0, 0, 0, 16, 22, 75
"/Users/charlottecox/Development/dissertation/draft2/src/lib/data/interactive/TED_Talk.csv", "CSV", 0, 0, 0, 0, 0, 4848, 0, 0, 94, 4942
"/Users/charlottecox/Development/dissertation/draft2/src/lib/data/interactive/TED_Talk.json", "JSON", 0, 0, 0, 0, 246672, 0, 0, 0, 0, 246672
"/Users/charlottecox/Development/dissertation/draft2/src/lib/data/interactive/makeTedMarkov.ts", "TypeScript", 21, 0, 0, 0, 0, 0, 0, 1, 7, 29
"/Users/charlottecox/Development/dissertation/draft2/src/lib/data/pure_algebra/ASDiv.xml", "XML", 0, 0, 16140, 0, 0, 0, 0, 0, 3, 16143
"/Users/charlottecox/Development/dissertation/draft2/src/lib/data/pure_algebra/algebraFSM.ts", "TypeScript", 152, 0, 0, 0, 0, 0, 0, 0, 32, 184
"/Users/charlottecox/Development/dissertation/draft2/src/lib/data/pure_algebra/algebraMarkov.ts", "TypeScript", 129, 0, 0, 0, 0, 0, 0, 0, 30, 159
"/Users/charlottecox/Development/dissertation/draft2/src/lib/data/pure_algebra/algebraicArrayDataset.ts", "TypeScript", 1297, 0, 0, 0, 0, 0, 0, 0, 0, 1297
"/Users/charlottecox/Development/dissertation/draft2/src/lib/data/pure_algebra/algebraicExpressions.csv", "CSV", 0, 0, 0, 0, 0, 1272, 0, 0, 1, 1273
"/Users/charlottecox/Development/dissertation/draft2/src/lib/data/pure_algebra/algebraicScraper.py", "Python", 0, 0, 0, 16, 0, 0, 0, 1, 10, 27
"/Users/charlottecox/Development/dissertation/draft2/src/lib/data/pure_algebra/algebraicStructure.py", "Python", 0, 0, 0, 27, 0, 0, 0, 0, 6, 33
"/Users/charlottecox/Development/dissertation/draft2/src/lib/data/python_assignments/createPythonData.py", "Python", 0, 0, 0, 64, 0, 0, 0, 3, 11, 78
"/Users/charlottecox/Development/dissertation/draft2/src/lib/data/python_assignments/letFSM.ts", "TypeScript", 114, 0, 0, 0, 0, 0, 0, 13, 11, 138
"/Users/charlottecox/Development/dissertation/draft2/src/lib/data/python_assignments/letFSM2.ts", "TypeScript", 243, 0, 0, 0, 0, 0, 0, 11, 12, 266
"/Users/charlottecox/Development/dissertation/draft2/src/lib/data/python_assignments/makeMarkovProbsPython.py", "Python", 0, 0, 0, 49, 0, 0, 0, 6, 16, 71
"/Users/charlottecox/Development/dissertation/draft2/src/lib/data/python_assignments/markov_transitions.json", "JSON", 0, 0, 0, 0, 3486, 0, 0, 0, 0, 3486
"/Users/charlottecox/Development/dissertation/draft2/src/lib/data/python_assignments/pythonMarkov.ts", "TypeScript", 4, 0, 0, 0, 0, 0, 0, 0, 1, 5
"/Users/charlottecox/Development/dissertation/draft2/src/lib/data/python_assignments/real_dataset/build_dataset.py", "Python", 0, 0, 0, 93, 0, 0, 0, 1, 14, 108
"/Users/charlottecox/Development/dissertation/draft2/src/lib/data/python_assignments/real_dataset/real_markov_transitions.json", "JSON", 0, 0, 0, 0, 9651, 0, 0, 0, 0, 9651
"/Users/charlottecox/Development/dissertation/draft2/src/lib/data/python_assignments/real_dataset/real_pythonMarkov.ts", "TypeScript", 4, 0, 0, 0, 0, 0, 0, 0, 1, 5
"/Users/charlottecox/Development/dissertation/draft2/src/lib/data/shakeItOff/EDIT_hopcrofts.ts", "TypeScript", 153, 0, 0, 0, 0, 0, 0, 1, 34, 188
"/Users/charlottecox/Development/dissertation/draft2/src/lib/data/shakeItOff/EDIT_shakeitoffSAM.ts", "TypeScript", 77, 0, 0, 0, 0, 0, 0, 0, 15, 92
"/Users/charlottecox/Development/dissertation/draft2/src/lib/data/shakeItOff/SAM.ts", "TypeScript", 3, 0, 0, 0, 0, 0, 0, 0, 3, 6
"/Users/charlottecox/Development/dissertation/draft2/src/lib/data/shakeItOff/hierarchical_markov_builder.py", "Python", 0, 0, 0, 63, 0, 0, 0, 0, 11, 74
"/Users/charlottecox/Development/dissertation/draft2/src/lib/data/shakeItOff/shakeItOffFSM.ts", "TypeScript", 15, 0, 0, 0, 0, 0, 0, 1, 3, 19
"/Users/charlottecox/Development/dissertation/draft2/src/lib/data/shakeItOff/shakeItOff_2gram_markov.json", "JSON", 0, 0, 0, 0, 1024, 0, 0, 0, 0, 1024
"/Users/charlottecox/Development/dissertation/draft2/src/lib/data/shakeItOff/shakeItOff_3gram_markov.json", "JSON", 0, 0, 0, 0, 1231, 0, 0, 0, 0, 1231
"/Users/charlottecox/Development/dissertation/draft2/src/lib/data/shakeItOff/shakeItOff_4gram_markov.json", "JSON", 0, 0, 0, 0, 1353, 0, 0, 0, 0, 1353
"/Users/charlottecox/Development/dissertation/draft2/src/lib/data/shakeItOff/shakeItOff_Markov.ts", "TypeScript", 4, 0, 0, 0, 0, 0, 0, 2, 2, 8
"/Users/charlottecox/Development/dissertation/draft2/src/lib/data/shakeItOff/shakeItOff_hierarchical_markov.json", "JSON", 0, 0, 0, 0, 1273, 0, 0, 0, 0, 1273
"/Users/charlottecox/Development/dissertation/draft2/src/lib/data/shakeItOff/shakeItOff_v2_2gram_markov.json", "JSON", 0, 0, 0, 0, 1024, 0, 0, 0, 0, 1024
"/Users/charlottecox/Development/dissertation/draft2/src/lib/data/shakeItOff/shakeItOfff_markov_kgrams.py", "Python", 0, 0, 0, 50, 0, 0, 0, 31, 19, 100
"/Users/charlottecox/Development/dissertation/draft2/src/lib/data/shakeItOff/shakeitoff.ts", "TypeScript", 152, 0, 0, 0, 0, 0, 0, 15, 23, 190
"/Users/charlottecox/Development/dissertation/draft2/src/lib/data/utilities/parse_helpers.py", "Python", 0, 0, 0, 82, 0, 0, 0, 1, 18, 101
"/Users/charlottecox/Development/dissertation/draft2/src/lib/data/vending/vending40pMarkov.ts", "TypeScript", 4, 0, 0, 0, 0, 0, 0, 0, 1, 5
"/Users/charlottecox/Development/dissertation/draft2/src/lib/data/vending/vending5pFSM.ts", "TypeScript", 41, 0, 0, 0, 0, 0, 0, 0, 15, 56
"/Users/charlottecox/Development/dissertation/draft2/src/lib/data/vending/vendingFSM.ts", "TypeScript", 23, 0, 0, 0, 0, 0, 0, 0, 10, 33
"/Users/charlottecox/Development/dissertation/draft2/src/lib/data/vending/vendingScript.py", "Python", 0, 0, 0, 32, 0, 0, 0, 3, 10, 45
"/Users/charlottecox/Development/dissertation/draft2/src/lib/data/vending/vending_make_json.py", "Python", 0, 0, 0, 44, 0, 0, 0, 2, 12, 58
"/Users/charlottecox/Development/dissertation/draft2/src/lib/data/vending/vending_markov.json", "JSON", 0, 0, 0, 0, 91, 0, 0, 0, 0, 91
"/Users/charlottecox/Development/dissertation/draft2/src/lib/evaluation/Ending_Questionnaire.csv", "CSV", 0, 0, 0, 0, 0, 28, 0, 0, 1, 29
"/Users/charlottecox/Development/dissertation/draft2/src/lib/evaluation/Starter_questionnaire.csv", "CSV", 0, 0, 0, 0, 0, 37, 0, 0, 1, 38
"/Users/charlottecox/Development/dissertation/draft2/src/lib/evaluation/analysis.py", "Python", 0, 0, 0, 163, 0, 0, 0, 1, 30, 194
"/Users/charlottecox/Development/dissertation/draft2/src/lib/evaluation/comparitive_responses.csv", "CSV", 0, 0, 0, 0, 0, 27, 0, 0, 0, 27
"/Users/charlottecox/Development/dissertation/draft2/src/lib/evaluation/interaction_log_rows_2.csv", "CSV", 0, 0, 0, 0, 0, 13085, 0, 0, 0, 13085
"/Users/charlottecox/Development/dissertation/draft2/src/lib/evaluation/students_rows_1.csv", "CSV", 0, 0, 0, 0, 0, 51, 0, 0, 0, 51
"/Users/charlottecox/Development/dissertation/draft2/src/lib/graph/graphBehaviours.ts", "TypeScript", 102, 0, 0, 0, 0, 0, 0, 46, 21, 169
"/Users/charlottecox/Development/dissertation/draft2/src/lib/graph/graphDefaults.ts", "TypeScript", 21, 0, 0, 0, 0, 0, 0, 0, 3, 24
"/Users/charlottecox/Development/dissertation/draft2/src/lib/graph/graphTypes.ts", "TypeScript", 79, 0, 0, 0, 0, 0, 0, 12, 8, 99
"/Users/charlottecox/Development/dissertation/draft2/src/lib/graph/nodeColours.ts", "TypeScript", 31, 0, 0, 0, 0, 0, 0, 0, 5, 36
"/Users/charlottecox/Development/dissertation/draft2/src/lib/index.ts", "TypeScript", 0, 0, 0, 0, 0, 0, 0, 1, 1, 2
"/Users/charlottecox/Development/dissertation/draft2/src/lib/styles/theme.css", "PostCSS", 0, 0, 0, 0, 0, 0, 279, 0, 26, 305
"/Users/charlottecox/Development/dissertation/draft2/src/lib/supabase/auth.ts", "TypeScript", 27, 0, 0, 0, 0, 0, 0, 1, 5, 33
"/Users/charlottecox/Development/dissertation/draft2/src/lib/supabase/logging.ts", "TypeScript", 51, 0, 0, 0, 0, 0, 0, 0, 4, 55
"/Users/charlottecox/Development/dissertation/draft2/src/lib/supabase/supabase.ts", "TypeScript", 5, 0, 0, 0, 0, 0, 0, 0, 3, 8
"Total", "-", 5736, 6621, 16141, 889, 265896, 19668, 279, 420, 2033, 317683